{"cameraMode":{"drawMode":0,"name":"Shaded","section":"Shading Mode"},"sceneLighting":true,"audioPlay":false,"sceneViewState":{"m_AlwaysRefresh":true,"showFog":true,"showSkybox":true,"showFlares":true,"showImageEffects":true,"showParticleSystems":true,"showVisualEffectGraphs":true,"m_FxEnabled":true},"in2DMode":false,"pivot":{"x":37.40342330932617,"y":-11.204473495483399,"z":-19.747695922851564},"rotation":{"x":0.05015001446008682,"y":0.9436984658241272,"z":-0.16910257935523988,"w":0.27986666560173037},"size":31.3985595703125,"orthographic":false}