{"cameraMode":{"drawMode":0,"name":"Shaded","section":"Shading Mode"},"sceneLighting":true,"audioPlay":false,"sceneViewState":{"m_AlwaysRefresh":true,"showFog":true,"showSkybox":true,"showFlares":true,"showImageEffects":true,"showParticleSystems":true,"showVisualEffectGraphs":true,"m_FxEnabled":true},"in2DMode":false,"pivot":{"x":0.35001182556152346,"y":0.30240416526794436,"z":2.35431170463562},"rotation":{"x":0.15908940136432649,"y":0.7564346790313721,"z":-0.19985933601856233,"w":0.6021271347999573},"size":6.310729503631592,"orthographic":false}